timestamp,unit_id,unit_type,empire_or_resistance,location_x,location_y,destination_x,destination_y,homeworld
2024-07-11 09:55:15,1,tie_fighter,resistance,1,9,8,3,Malastare
2024-07-11 09:55:14,2,tie_fighter,empire,8,9,4,1,Cerea
2024-07-11 09:55:13,3,tie_fighter,empire,8,5,6,10,Ojom
2024-07-11 09:55:12,4,at-st,resistance,2,9,5,2,Naboo
2024-07-11 09:55:11,5,tie_fighter,resistance,1,10,9,1,Mon Cala
2024-07-11 09:55:10,6,tie_fighter,empire,3,9,1,9,Cerea
2024-07-11 09:55:09,7,stormtrooper,empire,4,10,4,3,Dorin
2024-07-11 09:55:08,8,unknown,resistance,1,4,4,7,Umbara
2024-07-11 09:55:07,9,at-at,empire,6,10,2,7,Chandrila
2024-07-11 09:55:06,10,stormtrooper,resistance,2,9,6,10,Toydaria
2024-07-11 09:55:05,11,x-wing,resistance,6,7,7,9,Naboo
2024-07-11 09:55:04,12,x-wing,resistance,9,5,8,10,Serenno
2024-07-11 09:55:03,13,at-st,empire,7,1,5,9,Stewjon
2024-07-11 09:55:02,14,unknown,empire,2,4,8,3,Dorin
2024-07-11 09:55:01,15,stormtrooper,empire,4,6,2,8,Iktotch
2024-07-11 09:55:00,16,tie_silencer,empire,7,10,7,7,Mon Cala
2024-07-11 09:54:59,17,at-at,empire,9,3,10,4,Haruun Kal
2024-07-11 09:54:58,18,tie_fighter,resistance,3,3,6,7,Ryloth
2024-07-11 09:54:57,19,at-at,empire,5,2,3,1,Haruun Kal
2024-07-11 09:54:56,20,tie_fighter,empire,7,5,4,2,Glee Anselm
2024-07-11 09:54:55,21,at-at,resistance,10,8,5,3,Kalee
2024-07-11 09:54:54,22,tie_silencer,empire,4,2,8,4,Malastare
2024-07-11 09:54:53,23,x-wing,empire,4,7,9,6,Umbara
2024-07-11 09:54:52,24,tie_silencer,empire,6,5,2,5,Eriadu
2024-07-11 09:54:51,25,tie_fighter,empire,2,6,5,9,Cerea
2024-07-11 09:54:50,26,stormtrooper,empire,6,4,2,6,Toydaria
2024-07-11 09:54:49,27,unknown,resistance,4,10,8,5,Iridonia
2024-07-11 09:54:48,28,unknown,empire,5,7,9,5,Sullust
2024-07-11 09:54:47,29,stormtrooper,resistance,2,8,6,7,Dorin
2024-07-11 09:54:46,30,unknown,resistance,7,5,2,6,Shili
2024-07-11 09:54:45,31,resistance_soldier,empire,3,10,1,4,Alderaan
2024-07-11 09:54:44,32,x-wing,empire,2,6,8,6,Troiken
2024-07-11 09:54:43,33,tie_silencer,empire,8,10,7,8,Iktotch
2024-07-11 09:54:42,34,stormtrooper,resistance,2,10,9,1,Ojom
2024-07-11 09:54:41,35,tie_silencer,empire,8,6,1,5,Shili
2024-07-11 09:54:40,36,resistance_soldier,resistance,3,2,10,6,Kalee
2024-07-11 09:54:39,37,resistance_soldier,empire,5,10,3,2,Dagobah
2024-07-11 09:54:38,38,tie_silencer,resistance,9,10,1,9,Champala
2024-07-11 09:54:37,39,resistance_soldier,empire,1,10,5,9,Dorin
2024-07-11 09:54:36,40,unknown,empire,7,4,2,4,Alderaan
2024-07-11 09:54:35,41,tie_fighter,resistance,4,3,6,8,Tholoth
2024-07-11 09:54:34,42,resistance_soldier,resistance,1,9,6,8,Umbara
2024-07-11 09:54:33,43,tie_silencer,empire,5,10,4,4,Zolan
2024-07-11 09:54:32,44,x-wing,empire,8,5,5,9,Skako
2024-07-11 09:54:31,45,tie_fighter,resistance,3,7,5,3,Bestine IV
2024-07-11 09:54:30,46,x-wing,empire,1,10,2,6,Shili
2024-07-11 09:54:29,47,tie_fighter,empire,3,3,1,5,Zolan
2024-07-11 09:54:28,48,resistance_soldier,empire,4,8,8,2,Naboo
2024-07-11 09:54:27,49,x-wing,resistance,6,4,4,4,Alderaan
2024-07-11 09:54:26,50,unknown,resistance,10,10,5,10,Naboo
2024-07-11 09:54:25,51,at-at,resistance,1,3,4,6,Sullust
2024-07-11 09:54:24,52,stormtrooper,resistance,9,9,9,9,Zolan
2024-07-11 09:54:23,53,at-at,resistance,7,7,5,1,Toydaria
2024-07-11 09:54:22,54,resistance_soldier,empire,7,8,3,5,Chandrila
2024-07-11 09:54:21,55,stormtrooper,empire,6,10,1,3,Sullust
2024-07-11 09:54:20,56,tie_silencer,empire,3,3,9,2,Dorin
2024-07-11 09:54:19,57,at-at,empire,4,2,7,8,Stewjon
2024-07-11 09:54:18,58,at-st,empire,3,1,9,3,Iridonia
2024-07-11 09:54:17,59,tie_fighter,empire,5,8,1,7,Cerea
2024-07-11 09:54:16,60,tie_silencer,resistance,8,8,10,9,Trandosha
2024-07-11 09:54:15,61,tie_silencer,resistance,10,10,3,3,Serenno
2024-07-11 09:54:14,62,tie_silencer,empire,2,8,5,3,Aleen Minor
2024-07-11 09:54:13,63,tie_fighter,empire,7,7,10,9,Toydaria
2024-07-11 09:54:12,64,tie_fighter,empire,6,2,7,8,Corellia
2024-07-11 09:54:11,65,resistance_soldier,resistance,5,6,3,1,Corellia
2024-07-11 09:54:10,66,at-at,resistance,2,9,3,4,Tund
2024-07-11 09:54:09,67,x-wing,empire,8,3,1,10,Ojom
2024-07-11 09:54:08,68,at-at,empire,7,6,7,4,Dathomir
2024-07-11 09:54:07,69,tie_fighter,empire,2,3,8,4,Bestine IV
2024-07-11 09:54:06,70,resistance_soldier,empire,9,1,7,9,Mon Cala
2024-07-11 09:54:05,71,at-st,resistance,4,3,5,6,Serenno
2024-07-11 09:54:04,72,at-at,resistance,8,7,7,1,Bestine IV
2024-07-11 09:54:03,73,x-wing,empire,10,1,10,9,Champala
2024-07-11 09:54:02,74,at-at,empire,2,4,8,5,Corellia
2024-07-11 09:54:01,75,resistance_soldier,resistance,7,10,9,3,Shili
2024-07-11 09:54:00,76,x-wing,empire,2,1,3,2,Trandosha
2024-07-11 09:53:59,77,tie_silencer,resistance,9,9,6,5,Serenno
2024-07-11 09:53:58,78,unknown,resistance,4,2,10,1,Mirial
2024-07-11 09:53:57,79,stormtrooper,resistance,2,1,3,4,Malastare
2024-07-11 09:53:56,80,stormtrooper,resistance,5,4,8,1,Umbara
2024-07-11 09:53:55,81,stormtrooper,resistance,3,9,9,8,Dagobah
2024-07-11 09:53:54,82,at-at,resistance,5,8,3,2,Muunilinst
2024-07-11 09:53:53,83,at-at,empire,10,5,4,8,Concord Dawn
2024-07-11 09:53:52,84,at-st,resistance,9,1,6,2,Dorin
2024-07-11 09:53:51,85,tie_fighter,resistance,2,3,3,3,Zolan
2024-07-11 09:53:50,86,resistance_soldier,resistance,10,8,6,6,Glee Anselm
2024-07-11 09:53:49,87,at-st,resistance,4,9,8,1,Iridonia
2024-07-11 09:53:48,88,at-st,empire,5,7,2,5,Stewjon
2024-07-11 09:53:47,89,resistance_soldier,empire,9,9,7,10,Eriadu
2024-07-11 09:53:46,90,unknown,resistance,8,5,8,1,Mon Cala
2024-07-11 09:53:45,91,tie_silencer,empire,1,3,4,2,Dorin
2024-07-11 09:53:44,92,x-wing,empire,10,3,8,10,Quermia
2024-07-11 09:53:43,93,resistance_soldier,resistance,9,10,7,5,Vulpter
2024-07-11 09:53:42,94,at-st,resistance,2,3,8,8,Cerea
2024-07-11 09:53:41,95,tie_fighter,resistance,4,2,4,8,Aleen Minor
2024-07-11 09:53:40,96,at-st,resistance,3,3,7,3,Dagobah
2024-07-11 09:53:39,97,tie_fighter,empire,10,5,5,3,Socorro
2024-07-11 09:53:38,98,x-wing,empire,8,7,2,9,Quermia
2024-07-11 09:53:37,99,unknown,resistance,2,7,5,3,Mon Cala
2024-07-11 09:53:36,100,at-at,empire,3,6,7,4,Haruun Kal
2024-07-11 09:53:35,101,unknown,resistance,2,9,10,8,Kashyyyk
2024-07-11 09:53:34,102,tie_silencer,resistance,9,9,6,7,Rodia
2024-07-11 09:53:33,103,tie_fighter,empire,6,6,2,2,Trandosha
2024-07-11 09:53:32,104,tie_fighter,resistance,4,7,3,5,Tatooine
2024-07-11 09:53:31,105,at-at,empire,3,4,7,4,Iridonia
2024-07-11 09:53:30,106,at-st,resistance,10,6,1,4,Kashyyyk
2024-07-11 09:53:29,107,at-at,resistance,7,9,6,9,Ojom
2024-07-11 09:53:28,108,unknown,resistance,5,3,2,4,Haruun Kal
2024-07-11 09:53:27,109,x-wing,empire,7,2,3,1,Tatooine
2024-07-11 09:53:26,110,unknown,empire,4,2,3,4,Dathomir
2024-07-11 09:53:25,111,tie_silencer,resistance,10,4,10,4,Muunilinst
2024-07-11 09:53:24,112,stormtrooper,resistance,10,5,8,6,Cerea
2024-07-11 09:53:23,113,at-st,empire,1,1,1,9,Naboo
2024-07-11 09:53:22,114,tie_fighter,resistance,3,1,5,6,Alderaan
2024-07-11 09:53:21,115,at-at,empire,9,7,1,4,Ryloth
2024-07-11 09:53:20,116,tie_fighter,resistance,1,8,5,4,Rodia
2024-07-11 09:53:19,117,unknown,resistance,9,5,2,5,Iktotch
2024-07-11 09:53:18,118,resistance_soldier,resistance,5,2,8,8,Rodia
2024-07-11 09:53:17,119,stormtrooper,resistance,7,7,10,3,Mirial
2024-07-11 09:53:16,120,stormtrooper,empire,9,10,10,3,Dathomir
2024-07-11 09:53:15,121,tie_fighter,empire,9,7,9,3,Mon Cala
2024-07-11 09:53:14,122,stormtrooper,resistance,1,5,7,7,Mon Cala
2024-07-11 09:53:13,123,at-at,empire,8,10,4,1,Socorro
2024-07-11 09:53:12,124,at-st,empire,8,5,1,7,Stewjon
2024-07-11 09:53:11,125,tie_fighter,resistance,8,8,10,6,Tund
2024-07-11 09:53:10,126,at-at,resistance,3,4,6,6,Toydaria
2024-07-11 09:53:09,127,at-at,empire,2,8,1,2,Stewjon
2024-07-11 09:53:08,128,x-wing,empire,1,9,9,4,Dorin
2024-07-11 09:53:07,129,unknown,resistance,6,2,5,10,Socorro
2024-07-11 09:53:06,130,resistance_soldier,resistance,5,7,2,6,Serenno
2024-07-11 09:53:05,131,at-st,resistance,9,4,7,8,Naboo
2024-07-11 09:53:04,132,tie_fighter,empire,6,10,5,6,Champala
2024-07-11 09:53:03,133,stormtrooper,resistance,2,6,5,3,Mirial
2024-07-11 09:53:02,134,x-wing,empire,8,10,3,3,Stewjon
2024-07-11 09:53:01,135,x-wing,resistance,9,10,6,1,Kashyyyk
2024-07-11 09:53:00,136,unknown,empire,2,7,6,1,Quermia
2024-07-11 09:52:59,137,at-at,empire,7,7,5,9,Dathomir
2024-07-11 09:52:58,138,resistance_soldier,empire,10,3,2,2,Skako
2024-07-11 09:52:57,139,resistance_soldier,empire,5,6,8,10,Alderaan
2024-07-11 09:52:56,140,resistance_soldier,empire,5,1,10,3,Naboo
2024-07-11 09:52:55,141,x-wing,empire,8,3,4,5,Glee Anselm
2024-07-11 09:52:54,142,tie_silencer,empire,7,7,4,1,Ryloth
2024-07-11 09:52:53,143,x-wing,empire,4,8,4,8,Skako
2024-07-11 09:52:52,144,tie_silencer,resistance,1,8,5,10,Tholoth
2024-07-11 09:52:51,145,tie_silencer,empire,4,2,9,3,Mon Cala
2024-07-11 09:52:50,146,tie_fighter,empire,6,2,1,1,Dorin
2024-07-11 09:52:49,147,resistance_soldier,empire,10,3,5,3,Bestine IV
2024-07-11 09:52:48,148,tie_fighter,empire,6,1,5,6,Tatooine
2024-07-11 09:52:47,149,at-at,resistance,1,7,4,2,Umbara
2024-07-11 09:52:46,150,at-st,resistance,2,4,2,8,Ryloth
2024-07-11 09:52:45,151,unknown,empire,3,9,3,8,Vulpter
2024-07-11 09:52:44,152,at-at,resistance,7,2,4,5,Shili
2024-07-11 09:52:43,153,tie_silencer,empire,1,8,7,7,Serenno
2024-07-11 09:52:42,154,unknown,empire,8,6,5,10,Rodia
2024-07-11 09:52:41,155,at-st,empire,4,3,8,3,Concord Dawn
2024-07-11 09:52:40,156,at-at,empire,6,5,2,1,Sullust
2024-07-11 09:52:39,157,resistance_soldier,empire,6,6,7,6,Chandrila
2024-07-11 09:52:38,158,tie_fighter,resistance,4,7,8,6,Alderaan
2024-07-11 09:52:37,159,at-at,resistance,8,4,9,7,Kashyyyk
2024-07-11 09:52:36,160,tie_fighter,resistance,4,7,3,5,Toydaria
2024-07-11 09:52:35,161,at-at,resistance,7,6,7,10,Shili
2024-07-11 09:52:34,162,stormtrooper,resistance,2,7,4,5,Muunilinst
2024-07-11 09:52:33,163,stormtrooper,resistance,5,6,5,3,Champala
2024-07-11 09:52:32,164,at-st,resistance,9,2,10,1,Dathomir
2024-07-11 09:52:31,165,stormtrooper,empire,7,5,6,3,Dathomir
2024-07-11 09:52:30,166,unknown,empire,8,8,5,5,Chandrila
2024-07-11 09:52:29,167,at-st,resistance,6,1,10,9,Socorro
2024-07-11 09:52:28,168,resistance_soldier,empire,4,3,6,1,Kashyyyk
2024-07-11 09:52:27,169,stormtrooper,empire,6,4,5,3,Champala
2024-07-11 09:52:26,170,x-wing,resistance,7,4,1,4,Trandosha
2024-07-11 09:52:25,171,resistance_soldier,empire,10,4,6,9,Dagobah
2024-07-11 09:52:24,172,tie_fighter,resistance,1,8,8,2,Ryloth
2024-07-11 09:52:23,173,resistance_soldier,resistance,6,10,8,9,Concord Dawn
2024-07-11 09:52:22,174,tie_silencer,empire,8,10,3,2,Trandosha
2024-07-11 09:52:21,175,at-st,empire,1,10,6,6,Mon Cala
2024-07-11 09:52:20,176,x-wing,resistance,2,6,7,1,Zolan
2024-07-11 09:52:19,177,tie_fighter,resistance,6,2,5,2,Concord Dawn
2024-07-11 09:52:18,178,at-at,resistance,2,5,8,2,Champala
2024-07-11 09:52:17,179,at-st,empire,8,3,3,10,Ryloth
2024-07-11 09:52:16,180,resistance_soldier,resistance,1,1,8,10,Concord Dawn
2024-07-11 09:52:15,181,tie_silencer,resistance,2,5,6,6,Glee Anselm
2024-07-11 09:52:14,182,at-st,empire,1,10,10,5,Rodia
2024-07-11 09:52:13,183,x-wing,resistance,3,5,4,5,Chandrila
2024-07-11 09:52:12,184,resistance_soldier,empire,2,1,8,3,Kashyyyk
2024-07-11 09:52:11,185,stormtrooper,empire,1,4,7,8,Haruun Kal
2024-07-11 09:52:10,186,unknown,resistance,7,1,8,9,Iktotch
2024-07-11 09:52:09,187,tie_fighter,resistance,8,4,6,4,Zolan
2024-07-11 09:52:08,188,tie_fighter,resistance,4,8,8,1,Kashyyyk
2024-07-11 09:52:07,189,tie_fighter,empire,2,3,7,8,Naboo
2024-07-11 09:52:06,190,at-st,resistance,1,9,10,2,Kalee
2024-07-11 09:52:05,191,at-st,resistance,3,5,4,10,Iridonia
2024-07-11 09:52:04,192,stormtrooper,resistance,7,6,8,9,Champala
2024-07-11 09:52:03,193,stormtrooper,resistance,3,10,10,4,Tund
2024-07-11 09:52:02,194,tie_fighter,resistance,10,4,9,6,Skako
2024-07-11 09:52:01,195,x-wing,resistance,2,5,10,7,Champala
2024-07-11 09:52:00,196,x-wing,resistance,5,7,8,7,Naboo
2024-07-11 09:51:59,197,at-st,empire,9,8,1,1,Dagobah
2024-07-11 09:51:58,198,at-st,resistance,2,6,3,8,Troiken
2024-07-11 09:51:57,199,x-wing,empire,4,6,1,9,Rodia
2024-07-11 09:51:56,200,x-wing,resistance,1,5,1,9,Aleen Minor
2024-07-11 09:51:55,201,at-at,empire,5,5,7,9,Kalee
2024-07-11 09:51:54,202,stormtrooper,empire,1,1,4,3,Mon Cala
2024-07-11 09:51:53,203,tie_fighter,resistance,8,8,4,4,Mirial
2024-07-11 09:51:52,204,x-wing,empire,9,3,9,2,Kashyyyk
2024-07-11 09:51:51,205,x-wing,empire,5,6,4,6,Stewjon
2024-07-11 09:51:50,206,tie_fighter,resistance,8,7,4,2,Skako
2024-07-11 09:51:49,207,tie_fighter,empire,4,8,7,2,Rodia
2024-07-11 09:51:48,208,x-wing,resistance,6,4,8,3,Malastare
2024-07-11 09:51:47,209,stormtrooper,empire,8,7,7,6,Dagobah
2024-07-11 09:51:46,210,at-at,empire,3,10,5,3,Glee Anselm
2024-07-11 09:51:45,211,stormtrooper,resistance,6,5,4,2,Iridonia
2024-07-11 09:51:44,212,at-st,empire,8,7,2,9,Mirial
2024-07-11 09:51:43,213,tie_silencer,resistance,3,4,10,2,Iktotch
2024-07-11 09:51:42,214,at-st,resistance,6,7,4,2,Dathomir
2024-07-11 09:51:41,215,resistance_soldier,resistance,1,5,4,2,Iridonia
2024-07-11 09:51:40,216,unknown,empire,10,6,10,3,Corellia
2024-07-11 09:51:39,217,unknown,empire,6,3,6,5,Rodia
2024-07-11 09:51:38,218,tie_fighter,empire,1,10,3,5,Tund
2024-07-11 09:51:37,219,unknown,empire,9,2,2,10,Bestine IV
2024-07-11 09:51:36,220,tie_fighter,resistance,9,3,6,7,Tund
2024-07-11 09:51:35,221,resistance_soldier,empire,3,9,1,4,Quermia
2024-07-11 09:51:34,222,tie_silencer,resistance,1,1,2,6,Umbara
2024-07-11 09:51:33,223,x-wing,resistance,7,4,5,2,Tund
2024-07-11 09:51:32,224,tie_fighter,resistance,4,4,3,3,Muunilinst
2024-07-11 09:51:31,225,x-wing,empire,5,4,7,8,Concord Dawn
2024-07-11 09:51:30,226,at-at,resistance,7,3,2,7,Trandosha
2024-07-11 09:51:29,227,tie_fighter,empire,3,4,8,4,Kashyyyk
2024-07-11 09:51:28,228,unknown,empire,5,1,7,2,Eriadu
2024-07-11 09:51:27,229,tie_fighter,resistance,5,1,4,3,Umbara
2024-07-11 09:51:26,230,unknown,empire,1,7,4,10,Chandrila
2024-07-11 09:51:25,231,unknown,empire,2,6,1,9,Dathomir
2024-07-11 09:51:24,232,at-at,empire,6,1,1,6,Aleen Minor
2024-07-11 09:51:23,233,at-st,empire,6,4,4,6,Toydaria
2024-07-11 09:51:22,234,tie_fighter,resistance,3,1,6,2,Shili
2024-07-11 09:51:21,235,unknown,resistance,3,7,6,9,Serenno
2024-07-11 09:51:20,236,resistance_soldier,resistance,7,9,10,5,Shili
2024-07-11 09:51:19,237,x-wing,resistance,1,1,8,1,Cerea
2024-07-11 09:51:18,238,stormtrooper,resistance,9,5,8,1,Ojom
2024-07-11 09:51:17,239,x-wing,resistance,7,9,2,7,Aleen Minor
2024-07-11 09:51:16,240,at-at,empire,10,1,8,8,Shili
2024-07-11 09:51:15,241,x-wing,resistance,5,2,9,5,Kalee
2024-07-11 09:51:14,242,unknown,empire,5,9,6,2,Bestine IV
2024-07-11 09:51:13,243,unknown,resistance,10,5,2,5,Quermia
2024-07-11 09:51:12,244,at-st,resistance,9,4,5,4,Aleen Minor
2024-07-11 09:51:11,245,tie_fighter,resistance,2,6,2,6,Rodia
2024-07-11 09:51:10,246,tie_fighter,empire,10,10,1,3,Eriadu
2024-07-11 09:51:09,247,x-wing,empire,4,8,2,6,Kashyyyk
2024-07-11 09:51:08,248,at-st,resistance,10,6,10,3,Skako
2024-07-11 09:51:07,249,tie_silencer,resistance,3,10,2,5,Corellia
2024-07-11 09:51:06,250,tie_silencer,resistance,2,4,8,2,Kashyyyk
2024-07-11 09:51:05,251,at-at,resistance,3,9,5,2,Chandrila
2024-07-11 09:51:04,252,resistance_soldier,resistance,1,10,2,3,Dorin
2024-07-11 09:51:03,253,unknown,resistance,5,7,8,8,Muunilinst
2024-07-11 09:51:02,254,tie_fighter,resistance,2,10,5,7,Troiken
2024-07-11 09:51:01,255,at-st,resistance,8,2,7,2,Rodia
2024-07-11 09:51:00,256,at-at,empire,7,2,7,9,Haruun Kal
2024-07-11 09:50:59,257,at-at,empire,7,4,9,8,Aleen Minor
2024-07-11 09:50:58,258,stormtrooper,empire,8,2,5,4,Champala
2024-07-11 09:50:57,259,unknown,resistance,9,4,2,1,Chandrila
2024-07-11 09:50:56,260,tie_fighter,resistance,3,3,1,7,Quermia
2024-07-11 09:50:55,261,unknown,resistance,4,10,8,4,Ojom
2024-07-11 09:50:54,262,unknown,empire,10,1,8,1,Kalee
2024-07-11 09:50:53,263,at-at,resistance,3,10,10,6,Cerea
2024-07-11 09:50:52,264,at-st,resistance,2,3,1,3,Mirial
2024-07-11 09:50:51,265,x-wing,resistance,4,3,9,6,Vulpter
2024-07-11 09:50:50,266,tie_silencer,empire,3,1,6,3,Vulpter
2024-07-11 09:50:49,267,stormtrooper,resistance,6,9,10,7,Ojom
2024-07-11 09:50:48,268,resistance_soldier,resistance,6,2,10,3,Eriadu
2024-07-11 09:50:47,269,unknown,empire,8,3,8,3,Sullust
2024-07-11 09:50:46,270,tie_fighter,empire,3,10,9,8,Bestine IV
2024-07-11 09:50:45,271,tie_fighter,resistance,7,9,4,4,Rodia
2024-07-11 09:50:44,272,unknown,resistance,8,3,9,1,Eriadu
2024-07-11 09:50:43,273,tie_silencer,resistance,3,10,2,9,Toydaria
2024-07-11 09:50:42,274,x-wing,empire,7,5,6,6,Tholoth
2024-07-11 09:50:41,275,stormtrooper,empire,3,4,7,9,Serenno
2024-07-11 09:50:40,276,x-wing,empire,4,2,2,2,Dathomir
2024-07-11 09:50:39,277,resistance_soldier,resistance,7,1,2,6,Iridonia
2024-07-11 09:50:38,278,tie_silencer,empire,10,6,1,8,Vulpter
2024-07-11 09:50:37,279,unknown,empire,8,7,7,7,Dorin
2024-07-11 09:50:36,280,stormtrooper,empire,7,4,4,3,Bestine IV
2024-07-11 09:50:35,281,stormtrooper,resistance,6,1,8,7,Quermia
2024-07-11 09:50:34,282,tie_silencer,resistance,8,8,5,2,Haruun Kal
2024-07-11 09:50:33,283,at-at,empire,10,8,4,5,Ryloth
2024-07-11 09:50:32,284,stormtrooper,empire,2,5,5,1,Eriadu
2024-07-11 09:50:31,285,tie_silencer,resistance,10,2,5,3,Mirial
2024-07-11 09:50:30,286,unknown,empire,7,5,3,5,Sullust
2024-07-11 09:50:29,287,tie_silencer,resistance,4,6,4,8,Tatooine
2024-07-11 09:50:28,288,tie_silencer,empire,4,6,10,1,Chandrila
2024-07-11 09:50:27,289,x-wing,resistance,10,8,10,6,Tholoth
2024-07-11 09:50:26,290,tie_silencer,empire,7,7,10,2,Tatooine
2024-07-11 09:50:25,291,x-wing,resistance,8,10,6,5,Sullust
2024-07-11 09:50:24,292,at-st,empire,7,4,9,7,Toydaria
2024-07-11 09:50:23,293,unknown,resistance,5,5,6,7,Corellia
2024-07-11 09:50:22,294,resistance_soldier,empire,5,10,5,7,Haruun Kal
2024-07-11 09:50:21,295,resistance_soldier,empire,5,8,2,9,Eriadu
2024-07-11 09:50:20,296,at-at,resistance,4,9,7,1,Alderaan
2024-07-11 09:50:19,297,at-st,empire,6,7,8,2,Umbara
2024-07-11 09:50:18,298,tie_silencer,empire,5,2,4,3,Iridonia
2024-07-11 09:50:17,299,at-at,empire,9,8,7,9,Alderaan
2024-07-11 09:50:16,300,at-st,resistance,9,3,3,3,Mon Cala
2024-07-11 09:50:15,301,at-st,resistance,10,9,7,1,Concord Dawn
2024-07-11 09:50:14,302,tie_silencer,resistance,8,7,4,4,Dagobah
2024-07-11 09:50:13,303,unknown,resistance,7,3,2,5,Mon Cala
2024-07-11 09:50:12,304,at-st,resistance,3,2,9,3,Dorin
2024-07-11 09:50:11,305,unknown,resistance,8,10,8,4,Cerea
2024-07-11 09:50:10,306,stormtrooper,resistance,8,3,3,3,Aleen Minor
2024-07-11 09:50:09,307,at-at,resistance,1,5,1,9,Toydaria
2024-07-11 09:50:08,308,at-at,empire,10,7,10,2,Troiken
2024-07-11 09:50:07,309,tie_silencer,resistance,7,2,2,6,Kalee
2024-07-11 09:50:06,310,tie_silencer,empire,4,1,7,3,Stewjon
2024-07-11 09:50:05,311,resistance_soldier,resistance,5,7,2,10,Aleen Minor
2024-07-11 09:50:04,312,stormtrooper,resistance,5,2,8,4,Tund
2024-07-11 09:50:03,313,x-wing,resistance,1,10,5,6,Chandrila
2024-07-11 09:50:02,314,at-at,empire,6,8,1,7,Cerea
2024-07-11 09:50:01,315,stormtrooper,resistance,9,8,8,4,Shili
2024-07-11 09:50:00,316,at-at,resistance,10,3,7,3,Malastare
2024-07-11 09:49:59,317,resistance_soldier,resistance,5,4,3,9,Champala
2024-07-11 09:49:58,318,x-wing,empire,9,3,1,3,Bestine IV
2024-07-11 09:49:57,319,unknown,resistance,5,2,7,10,Muunilinst
2024-07-11 09:49:56,320,at-st,empire,4,9,4,1,Concord Dawn
2024-07-11 09:49:55,321,resistance_soldier,empire,4,2,6,1,Chandrila
2024-07-11 09:49:54,322,tie_fighter,resistance,5,5,2,6,Aleen Minor
2024-07-11 09:49:53,323,unknown,resistance,1,4,4,5,Kashyyyk
2024-07-11 09:49:52,324,at-st,empire,9,8,2,9,Skako
2024-07-11 09:49:51,325,tie_silencer,empire,7,8,7,10,Iktotch
2024-07-11 09:49:50,326,at-st,empire,2,4,9,7,Quermia
2024-07-11 09:49:49,327,resistance_soldier,empire,9,1,10,8,Quermia
2024-07-11 09:49:48,328,unknown,resistance,4,8,3,8,Dorin
2024-07-11 09:49:47,329,resistance_soldier,empire,4,2,3,9,Cerea
2024-07-11 09:49:46,330,x-wing,empire,7,2,1,2,Zolan
2024-07-11 09:49:45,331,tie_fighter,resistance,3,8,10,1,Socorro
2024-07-11 09:49:44,332,at-st,resistance,2,5,9,8,Dagobah
2024-07-11 09:49:43,333,tie_silencer,empire,8,8,9,7,Haruun Kal
2024-07-11 09:49:42,334,tie_silencer,resistance,8,9,5,4,Mirial
2024-07-11 09:49:41,335,resistance_soldier,empire,10,5,8,6,Alderaan
2024-07-11 09:49:40,336,x-wing,empire,6,4,1,3,Mon Cala
2024-07-11 09:49:39,337,unknown,empire,2,5,5,4,Iridonia
2024-07-11 09:49:38,338,unknown,empire,2,10,10,3,Vulpter
2024-07-11 09:49:37,339,x-wing,resistance,4,1,10,7,Vulpter
2024-07-11 09:49:36,340,at-at,empire,10,3,2,10,Corellia
2024-07-11 09:49:35,341,tie_fighter,empire,3,6,6,10,Mirial
2024-07-11 09:49:34,342,tie_silencer,resistance,2,10,10,7,Vulpter
2024-07-11 09:49:33,343,tie_silencer,empire,1,6,4,6,Serenno
2024-07-11 09:49:32,344,tie_fighter,resistance,3,10,2,8,Kalee
2024-07-11 09:49:31,345,x-wing,empire,5,10,9,6,Stewjon
2024-07-11 09:49:30,346,resistance_soldier,empire,2,6,10,5,Stewjon
2024-07-11 09:49:29,347,at-st,empire,9,3,2,3,Toydaria
2024-07-11 09:49:28,348,tie_fighter,empire,10,9,6,1,Umbara
2024-07-11 09:49:27,349,stormtrooper,resistance,1,2,2,10,Toydaria
2024-07-11 09:49:26,350,tie_fighter,resistance,7,9,5,7,Troiken
2024-07-11 09:49:25,351,tie_fighter,empire,6,10,8,5,Skako
2024-07-11 09:49:24,352,at-at,empire,10,8,10,4,Ojom
2024-07-11 09:49:23,353,resistance_soldier,resistance,8,7,10,1,Chandrila
2024-07-11 09:49:22,354,resistance_soldier,resistance,1,8,10,9,Toydaria
2024-07-11 09:49:21,355,resistance_soldier,resistance,9,4,3,2,Aleen Minor
2024-07-11 09:49:20,356,at-st,empire,2,1,10,4,Dorin
2024-07-11 09:49:19,357,resistance_soldier,empire,1,2,1,4,Alderaan
2024-07-11 09:49:18,358,at-at,resistance,8,6,3,4,Serenno
2024-07-11 09:49:17,359,tie_silencer,empire,4,2,9,5,Stewjon
2024-07-11 09:49:16,360,resistance_soldier,empire,1,8,2,5,Alderaan
2024-07-11 09:49:15,361,tie_fighter,resistance,8,7,7,7,Iridonia
2024-07-11 09:49:14,362,tie_silencer,empire,7,7,3,2,Umbara
2024-07-11 09:49:13,363,at-at,empire,7,3,8,9,Iridonia
2024-07-11 09:49:12,364,x-wing,empire,3,7,3,9,Tholoth
2024-07-11 09:49:11,365,tie_silencer,empire,3,1,5,1,Dagobah
2024-07-11 09:49:10,366,tie_fighter,empire,10,9,8,7,Iktotch
2024-07-11 09:49:09,367,tie_fighter,empire,1,8,5,1,Ojom
2024-07-11 09:49:08,368,at-at,empire,7,9,2,3,Quermia
2024-07-11 09:49:07,369,unknown,resistance,6,3,10,6,Bestine IV
2024-07-11 09:49:06,370,at-st,resistance,8,5,6,4,Trandosha
2024-07-11 09:49:05,371,at-st,empire,9,1,5,1,Ryloth
2024-07-11 09:49:04,372,at-st,resistance,1,5,8,6,Zolan
2024-07-11 09:49:03,373,at-st,resistance,6,3,1,3,Shili
2024-07-11 09:49:02,374,stormtrooper,resistance,7,7,1,1,Bestine IV
2024-07-11 09:49:01,375,at-st,resistance,7,10,7,8,Iridonia
2024-07-11 09:49:00,376,tie_fighter,empire,3,5,4,3,Tatooine
2024-07-11 09:48:59,377,at-at,resistance,9,8,10,10,Iridonia
2024-07-11 09:48:58,378,resistance_soldier,empire,2,3,5,7,Glee Anselm
2024-07-11 09:48:57,379,at-at,resistance,9,3,1,4,Iktotch
2024-07-11 09:48:56,380,unknown,resistance,1,9,7,6,Dagobah
2024-07-11 09:48:55,381,unknown,resistance,4,9,7,9,Alderaan
2024-07-11 09:48:54,382,stormtrooper,empire,5,1,4,10,Mon Cala
2024-07-11 09:48:53,383,at-at,empire,6,7,10,10,Socorro
2024-07-11 09:48:52,384,at-st,resistance,8,2,8,6,Skako
2024-07-11 09:48:51,385,tie_silencer,empire,10,7,2,8,Glee Anselm
2024-07-11 09:48:50,386,unknown,empire,10,9,7,2,Dagobah
2024-07-11 09:48:49,387,at-at,resistance,9,1,6,7,Dagobah
2024-07-11 09:48:48,388,at-st,empire,4,7,1,4,Tatooine
2024-07-11 09:48:47,389,at-at,resistance,9,6,5,2,Toydaria
2024-07-11 09:48:46,390,at-at,resistance,10,1,3,7,Zolan
2024-07-11 09:48:45,391,tie_fighter,resistance,2,4,7,10,Rodia
2024-07-11 09:48:44,392,at-st,empire,7,1,3,10,Dorin
2024-07-11 09:48:43,393,tie_silencer,empire,4,9,4,1,Champala
2024-07-11 09:48:42,394,unknown,empire,6,2,6,4,Zolan
2024-07-11 09:48:41,395,x-wing,empire,1,2,4,1,Shili
2024-07-11 09:48:40,396,tie_fighter,resistance,7,7,10,3,Stewjon
2024-07-11 09:48:39,397,at-at,empire,10,2,6,7,Kalee
2024-07-11 09:48:38,398,tie_fighter,resistance,5,7,6,3,Ojom
2024-07-11 09:48:37,399,unknown,empire,10,5,1,10,Chandrila
2024-07-11 09:48:36,400,tie_fighter,resistance,3,1,6,7,Concord Dawn
2024-07-11 09:48:35,401,x-wing,empire,4,3,6,4,Chandrila
2024-07-11 09:48:34,402,tie_fighter,resistance,1,8,5,8,Skako
2024-07-11 09:48:33,403,at-at,resistance,3,6,10,7,Shili
2024-07-11 09:48:32,404,at-at,resistance,10,6,8,4,Naboo
2024-07-11 09:48:31,405,at-st,empire,5,6,6,8,Toydaria
2024-07-11 09:48:30,406,unknown,resistance,10,2,1,8,Champala
2024-07-11 09:48:29,407,at-st,empire,5,4,1,1,Concord Dawn
2024-07-11 09:48:28,408,tie_silencer,resistance,1,10,6,8,Dagobah
2024-07-11 09:48:27,409,at-st,resistance,5,10,10,2,Malastare
2024-07-11 09:48:26,410,stormtrooper,resistance,2,4,3,5,Skako
2024-07-11 09:48:25,411,resistance_soldier,resistance,4,4,1,10,Tholoth
2024-07-11 09:48:24,412,unknown,resistance,3,8,9,2,Vulpter
2024-07-11 09:48:23,413,stormtrooper,empire,2,7,6,2,Vulpter
2024-07-11 09:48:22,414,unknown,empire,9,8,4,2,Iridonia
2024-07-11 09:48:21,415,tie_silencer,resistance,1,3,8,3,Chandrila
2024-07-11 09:48:20,416,tie_silencer,empire,5,7,9,5,Alderaan
2024-07-11 09:48:19,417,at-st,resistance,9,7,6,8,Ryloth
2024-07-11 09:48:18,418,unknown,empire,9,2,5,6,Tholoth
2024-07-11 09:48:17,419,x-wing,resistance,7,2,9,2,Mirial
2024-07-11 09:48:16,420,at-at,resistance,9,10,9,3,Iktotch
2024-07-11 09:48:15,421,at-st,empire,3,6,9,6,Sullust
2024-07-11 09:48:14,422,tie_fighter,empire,10,8,10,8,Tatooine
2024-07-11 09:48:13,423,stormtrooper,empire,3,7,6,8,Stewjon
2024-07-11 09:48:12,424,tie_fighter,resistance,7,2,3,7,Concord Dawn
2024-07-11 09:48:11,425,at-st,resistance,1,3,10,5,Concord Dawn
2024-07-11 09:48:10,426,tie_silencer,empire,6,3,2,3,Kashyyyk
2024-07-11 09:48:09,427,tie_silencer,empire,6,9,2,5,Dorin
2024-07-11 09:48:08,428,resistance_soldier,resistance,5,8,10,4,Haruun Kal
2024-07-11 09:48:07,429,tie_fighter,empire,5,9,10,10,Skako
2024-07-11 09:48:06,430,resistance_soldier,resistance,1,9,7,9,Quermia
2024-07-11 09:48:05,431,at-at,resistance,10,8,7,6,Champala
2024-07-11 09:48:04,432,resistance_soldier,resistance,7,2,8,9,Mon Cala
2024-07-11 09:48:03,433,unknown,empire,9,2,9,3,Champala
2024-07-11 09:48:02,434,resistance_soldier,resistance,7,3,4,10,Iktotch
2024-07-11 09:48:01,435,stormtrooper,empire,2,7,2,8,Skako
2024-07-11 09:48:00,436,tie_silencer,empire,2,5,2,1,Ryloth
2024-07-11 09:47:59,437,x-wing,empire,7,10,9,1,Mirial
2024-07-11 09:47:58,438,at-st,resistance,3,3,6,4,Muunilinst
2024-07-11 09:47:57,439,tie_silencer,resistance,4,10,7,9,Kalee
2024-07-11 09:47:56,440,unknown,empire,4,4,9,9,Aleen Minor
2024-07-11 09:47:55,441,at-st,resistance,3,2,3,4,Tund
2024-07-11 09:47:54,442,at-at,empire,3,5,2,4,Champala
2024-07-11 09:47:53,443,resistance_soldier,empire,4,10,4,2,Socorro
2024-07-11 09:47:52,444,at-st,empire,3,3,8,9,Concord Dawn
2024-07-11 09:47:51,445,x-wing,empire,5,7,7,9,Dagobah
2024-07-11 09:47:50,446,at-st,empire,9,7,8,9,Zolan
2024-07-11 09:47:49,447,at-st,empire,5,10,9,2,Tatooine
2024-07-11 09:47:48,448,resistance_soldier,empire,3,3,5,4,Ojom
2024-07-11 09:47:47,449,at-at,empire,7,5,6,5,Tund
2024-07-11 09:47:46,450,resistance_soldier,resistance,9,6,10,5,Muunilinst
2024-07-11 09:47:45,451,at-st,empire,8,10,3,10,Cerea
2024-07-11 09:47:44,452,x-wing,empire,6,4,10,5,Corellia
2024-07-11 09:47:43,453,tie_fighter,empire,4,10,1,2,Umbara
2024-07-11 09:47:42,454,resistance_soldier,resistance,8,8,9,8,Iktotch
2024-07-11 09:47:41,455,at-st,resistance,3,8,1,7,Glee Anselm
2024-07-11 09:47:40,456,tie_fighter,resistance,2,7,3,5,Bestine IV
2024-07-11 09:47:39,457,resistance_soldier,resistance,9,3,4,9,Kashyyyk
2024-07-11 09:47:38,458,unknown,empire,5,2,2,10,Dagobah
2024-07-11 09:47:37,459,at-st,empire,1,5,1,4,Haruun Kal
2024-07-11 09:47:36,460,tie_fighter,resistance,8,3,5,6,Shili
2024-07-11 09:47:35,461,x-wing,resistance,7,3,1,8,Serenno
2024-07-11 09:47:34,462,x-wing,empire,4,10,5,9,Shili
2024-07-11 09:47:33,463,tie_silencer,resistance,2,8,3,7,Stewjon
2024-07-11 09:47:32,464,tie_fighter,empire,10,4,2,2,Umbara
2024-07-11 09:47:31,465,resistance_soldier,resistance,9,7,2,9,Vulpter
2024-07-11 09:47:30,466,at-st,empire,9,1,5,5,Rodia
2024-07-11 09:47:29,467,resistance_soldier,empire,7,5,7,9,Tund
2024-07-11 09:47:28,468,unknown,empire,7,1,8,10,Mirial
2024-07-11 09:47:27,469,tie_fighter,empire,1,10,2,2,Bestine IV
2024-07-11 09:47:26,470,resistance_soldier,resistance,1,8,6,3,Umbara
2024-07-11 09:47:25,471,x-wing,resistance,2,5,7,8,Iridonia
2024-07-11 09:47:24,472,tie_fighter,empire,5,7,9,10,Eriadu
2024-07-11 09:47:23,473,at-at,resistance,9,1,6,2,Sullust
2024-07-11 09:47:22,474,at-st,resistance,10,10,6,2,Socorro
2024-07-11 09:47:21,475,at-st,resistance,3,4,3,3,Aleen Minor
2024-07-11 09:47:20,476,x-wing,empire,9,7,8,10,Skako
2024-07-11 09:47:19,477,tie_fighter,resistance,7,2,1,6,Rodia
2024-07-11 09:47:18,478,at-at,resistance,6,2,5,4,Skako
2024-07-11 09:47:17,479,x-wing,resistance,3,2,1,6,Umbara
2024-07-11 09:47:16,480,x-wing,resistance,6,3,9,9,Dathomir
2024-07-11 09:47:15,481,tie_silencer,resistance,10,7,4,10,Iridonia
2024-07-11 09:47:14,482,at-st,resistance,7,7,8,9,Trandosha
2024-07-11 09:47:13,483,tie_silencer,empire,3,6,4,2,Skako
2024-07-11 09:47:12,484,at-at,empire,4,1,8,3,Skako
2024-07-11 09:47:11,485,x-wing,resistance,9,8,3,10,Iktotch
2024-07-11 09:47:10,486,tie_fighter,resistance,8,2,9,5,Concord Dawn
2024-07-11 09:47:09,487,at-st,empire,5,5,7,5,Dagobah
2024-07-11 09:47:08,488,stormtrooper,resistance,8,7,7,1,Quermia
2024-07-11 09:47:07,489,tie_fighter,resistance,6,6,9,4,Shili
2024-07-11 09:47:06,490,at-st,empire,1,8,6,5,Ryloth
2024-07-11 09:47:05,491,tie_silencer,resistance,7,10,8,7,Rodia
2024-07-11 09:47:04,492,tie_fighter,empire,8,5,10,2,Bestine IV
2024-07-11 09:47:03,493,at-at,empire,9,7,9,4,Concord Dawn
2024-07-11 09:47:02,494,tie_fighter,empire,9,5,5,6,Skako
2024-07-11 09:47:01,495,tie_silencer,resistance,6,8,9,10,Naboo
2024-07-11 09:47:00,496,tie_fighter,empire,2,8,7,9,Kalee
2024-07-11 09:46:59,497,tie_fighter,resistance,7,3,3,9,Aleen Minor
2024-07-11 09:46:58,498,resistance_soldier,empire,5,1,9,10,Stewjon
2024-07-11 09:46:57,499,at-st,empire,5,5,10,10,Dorin
2024-07-11 09:46:56,500,unknown,resistance,4,5,1,6,Chandrila
2024-07-11 09:46:55,501,unknown,empire,10,3,4,7,Skako
2024-07-11 09:46:54,502,tie_silencer,resistance,5,1,10,9,Vulpter
2024-07-11 09:46:53,503,tie_fighter,resistance,7,10,4,3,Muunilinst
2024-07-11 09:46:52,504,at-st,empire,2,7,10,10,Kashyyyk
2024-07-11 09:46:51,505,tie_silencer,empire,3,2,9,2,Mirial
2024-07-11 09:46:50,506,tie_fighter,empire,9,1,9,7,Eriadu
2024-07-11 09:46:49,507,at-st,empire,10,4,4,9,Mirial
2024-07-11 09:46:48,508,unknown,empire,10,2,9,4,Muunilinst
2024-07-11 09:46:47,509,stormtrooper,resistance,6,10,1,3,Concord Dawn
2024-07-11 09:46:46,510,x-wing,empire,9,8,7,2,Concord Dawn
2024-07-11 09:46:45,511,resistance_soldier,empire,8,7,10,6,Toydaria
2024-07-11 09:46:44,512,stormtrooper,empire,10,4,4,4,Malastare
2024-07-11 09:46:43,513,resistance_soldier,resistance,5,6,6,5,Concord Dawn
2024-07-11 09:46:42,514,at-at,resistance,9,9,9,3,Zolan
2024-07-11 09:46:41,515,resistance_soldier,empire,7,6,2,2,Corellia
2024-07-11 09:46:40,516,x-wing,resistance,1,2,3,5,Dathomir
2024-07-11 09:46:39,517,at-st,resistance,2,3,1,3,Rodia
2024-07-11 09:46:38,518,stormtrooper,resistance,7,10,4,6,Mirial
2024-07-11 09:46:37,519,at-st,resistance,9,9,1,1,Alderaan
2024-07-11 09:46:36,520,tie_fighter,resistance,7,8,8,10,Mirial
2024-07-11 09:46:35,521,tie_silencer,resistance,5,9,9,7,Stewjon
2024-07-11 09:46:34,522,tie_silencer,empire,3,10,6,6,Tund
2024-07-11 09:46:33,523,tie_silencer,empire,2,4,8,10,Naboo
2024-07-11 09:46:32,524,x-wing,empire,1,7,8,9,Toydaria
2024-07-11 09:46:31,525,tie_silencer,resistance,2,6,3,1,Vulpter
2024-07-11 09:46:30,526,stormtrooper,empire,6,3,3,3,Ryloth
2024-07-11 09:46:29,527,at-at,empire,1,2,1,2,Tatooine
2024-07-11 09:46:28,528,resistance_soldier,empire,1,4,4,5,Mon Cala
2024-07-11 09:46:27,529,resistance_soldier,empire,9,6,1,4,Mirial
2024-07-11 09:46:26,530,tie_fighter,resistance,7,2,6,7,Mirial
2024-07-11 09:46:25,531,at-st,empire,8,2,4,2,Socorro
2024-07-11 09:46:24,532,stormtrooper,resistance,3,8,9,4,Alderaan
2024-07-11 09:46:23,533,stormtrooper,empire,8,5,7,2,Champala
2024-07-11 09:46:22,534,at-at,resistance,7,7,4,8,Muunilinst
2024-07-11 09:46:21,535,tie_silencer,empire,4,10,5,3,Vulpter
2024-07-11 09:46:20,536,tie_fighter,empire,8,5,7,6,Skako
2024-07-11 09:46:19,537,tie_silencer,empire,5,7,6,7,Tatooine
2024-07-11 09:46:18,538,x-wing,resistance,9,8,3,2,Sullust
2024-07-11 09:46:17,539,resistance_soldier,resistance,3,7,9,6,Kashyyyk
2024-07-11 09:46:16,540,unknown,empire,7,8,9,8,Naboo
2024-07-11 09:46:15,541,tie_fighter,resistance,3,2,4,7,Rodia
2024-07-11 09:46:14,542,at-at,resistance,8,1,4,7,Kashyyyk
2024-07-11 09:46:13,543,unknown,resistance,9,3,2,6,Serenno
2024-07-11 09:46:12,544,at-st,empire,8,9,8,7,Vulpter
2024-07-11 09:46:11,545,resistance_soldier,empire,3,8,1,7,Alderaan
2024-07-11 09:46:10,546,at-at,resistance,6,4,4,9,Eriadu
2024-07-11 09:46:09,547,tie_silencer,empire,8,10,5,3,Vulpter
2024-07-11 09:46:08,548,tie_silencer,resistance,6,4,10,8,Dorin
2024-07-11 09:46:07,549,tie_silencer,resistance,7,4,6,1,Toydaria
2024-07-11 09:46:06,550,stormtrooper,resistance,9,6,3,7,Stewjon
2024-07-11 09:46:05,551,at-st,resistance,8,7,9,1,Naboo
2024-07-11 09:46:04,552,x-wing,empire,6,9,6,9,Aleen Minor
2024-07-11 09:46:03,553,at-st,empire,5,7,5,9,Socorro
2024-07-11 09:46:02,554,x-wing,empire,8,10,3,3,Haruun Kal
2024-07-11 09:46:01,555,tie_silencer,empire,4,8,7,5,Zolan
2024-07-11 09:46:00,556,tie_silencer,resistance,1,8,2,5,Alderaan
2024-07-11 09:45:59,557,unknown,empire,6,5,8,7,Bestine IV
2024-07-11 09:45:58,558,resistance_soldier,empire,4,3,4,3,Malastare
2024-07-11 09:45:57,559,resistance_soldier,resistance,3,9,4,6,Serenno
2024-07-11 09:45:56,560,unknown,resistance,9,3,1,4,Bestine IV
2024-07-11 09:45:55,561,tie_silencer,empire,5,8,6,6,Dathomir
2024-07-11 09:45:54,562,unknown,empire,3,3,3,7,Cerea
2024-07-11 09:45:53,563,tie_fighter,resistance,4,3,3,10,Cerea
2024-07-11 09:45:52,564,x-wing,resistance,1,10,6,9,Trandosha
2024-07-11 09:45:51,565,stormtrooper,resistance,1,4,2,2,Dagobah
2024-07-11 09:45:50,566,x-wing,resistance,7,10,10,1,Tholoth
2024-07-11 09:45:49,567,at-at,empire,9,7,7,10,Sullust
2024-07-11 09:45:48,568,resistance_soldier,resistance,3,9,9,9,Iridonia
2024-07-11 09:45:47,569,x-wing,resistance,7,6,6,10,Stewjon
2024-07-11 09:45:46,570,tie_silencer,resistance,7,2,3,7,Naboo
2024-07-11 09:45:45,571,x-wing,empire,9,3,10,10,Serenno
2024-07-11 09:45:44,572,stormtrooper,empire,8,10,6,10,Socorro
2024-07-11 09:45:43,573,tie_silencer,empire,9,10,1,10,Zolan
2024-07-11 09:45:42,574,resistance_soldier,empire,10,9,8,6,Dorin
2024-07-11 09:45:41,575,resistance_soldier,empire,4,10,4,7,Malastare
2024-07-11 09:45:40,576,tie_fighter,resistance,7,6,10,5,Concord Dawn
2024-07-11 09:45:39,577,stormtrooper,resistance,3,6,1,3,Kashyyyk
2024-07-11 09:45:38,578,at-st,empire,8,4,6,8,Mon Cala
2024-07-11 09:45:37,579,at-st,resistance,8,3,1,2,Glee Anselm
2024-07-11 09:45:36,580,unknown,empire,8,6,3,9,Kalee
2024-07-11 09:45:35,581,at-at,resistance,9,10,9,5,Iridonia
2024-07-11 09:45:34,582,resistance_soldier,resistance,6,2,2,3,Dathomir
2024-07-11 09:45:33,583,at-at,resistance,10,5,2,5,Haruun Kal
2024-07-11 09:45:32,584,tie_fighter,resistance,1,4,2,5,Quermia
2024-07-11 09:45:31,585,at-st,empire,7,2,10,3,Toydaria
2024-07-11 09:45:30,586,at-st,resistance,3,5,5,3,Trandosha
2024-07-11 09:45:29,587,stormtrooper,resistance,2,5,10,10,Glee Anselm
2024-07-11 09:45:28,588,resistance_soldier,empire,1,10,3,1,Iridonia
2024-07-11 09:45:27,589,tie_fighter,resistance,1,4,5,5,Toydaria
2024-07-11 09:45:26,590,tie_silencer,empire,10,6,8,8,Dagobah
2024-07-11 09:45:25,591,at-st,empire,7,5,9,5,Trandosha
2024-07-11 09:45:24,592,tie_silencer,empire,7,9,8,9,Serenno
2024-07-11 09:45:23,593,unknown,resistance,10,2,4,10,Tund
2024-07-11 09:45:22,594,at-at,empire,4,9,5,4,Umbara
2024-07-11 09:45:21,595,x-wing,empire,6,4,6,9,Glee Anselm
2024-07-11 09:45:20,596,resistance_soldier,resistance,10,10,2,4,Chandrila
2024-07-11 09:45:19,597,x-wing,resistance,4,2,8,2,Umbara
2024-07-11 09:45:18,598,x-wing,resistance,3,9,3,2,Malastare
2024-07-11 09:45:17,599,tie_silencer,resistance,10,9,6,7,Concord Dawn
2024-07-11 09:45:16,600,stormtrooper,resistance,6,6,2,9,Bestine IV
2024-07-11 09:45:15,601,at-at,empire,10,8,7,10,Trandosha
2024-07-11 09:45:14,602,x-wing,empire,4,7,1,5,Socorro
2024-07-11 09:45:13,603,tie_fighter,resistance,4,9,1,2,Glee Anselm
2024-07-11 09:45:12,604,tie_silencer,resistance,2,7,1,7,Socorro
2024-07-11 09:45:11,605,at-at,resistance,5,9,3,6,Naboo
2024-07-11 09:45:10,606,at-st,resistance,2,5,10,7,Trandosha
2024-07-11 09:45:09,607,x-wing,resistance,3,6,2,5,Dathomir
2024-07-11 09:45:08,608,tie_fighter,empire,4,5,7,3,Umbara
2024-07-11 09:45:07,609,stormtrooper,empire,9,3,4,10,Dathomir
2024-07-11 09:45:06,610,at-at,empire,6,7,9,8,Ojom
2024-07-11 09:45:05,611,tie_silencer,resistance,7,10,8,9,Alderaan
2024-07-11 09:45:04,612,resistance_soldier,resistance,1,9,9,9,Troiken
2024-07-11 09:45:03,613,at-at,empire,1,7,6,5,Naboo
2024-07-11 09:45:02,614,tie_fighter,empire,1,9,1,7,Tholoth
2024-07-11 09:45:01,615,at-st,empire,1,5,8,7,Concord Dawn
2024-07-11 09:45:00,616,tie_fighter,empire,3,8,9,1,Haruun Kal
2024-07-11 09:44:59,617,x-wing,empire,1,7,8,10,Dorin
2024-07-11 09:44:58,618,at-st,empire,2,8,6,1,Dagobah
2024-07-11 09:44:57,619,resistance_soldier,resistance,7,8,5,3,Malastare
2024-07-11 09:44:56,620,tie_silencer,empire,6,10,7,8,Aleen Minor
2024-07-11 09:44:55,621,at-at,empire,7,5,5,8,Bestine IV
2024-07-11 09:44:54,622,stormtrooper,empire,2,7,1,10,Kalee
2024-07-11 09:44:53,623,tie_fighter,empire,7,8,9,3,Dagobah
2024-07-11 09:44:52,624,stormtrooper,empire,6,9,8,7,Quermia
2024-07-11 09:44:51,625,unknown,empire,4,1,7,7,Shili
2024-07-11 09:44:50,626,at-st,resistance,1,6,1,3,Dagobah
2024-07-11 09:44:49,627,tie_silencer,resistance,1,2,10,9,Haruun Kal
2024-07-11 09:44:48,628,tie_fighter,resistance,9,3,7,1,Kalee
2024-07-11 09:44:47,629,stormtrooper,resistance,6,10,3,9,Sullust
2024-07-11 09:44:46,630,tie_silencer,resistance,3,3,6,3,Iktotch
2024-07-11 09:44:45,631,resistance_soldier,resistance,10,5,9,4,Tholoth
2024-07-11 09:44:44,632,tie_silencer,empire,5,2,10,6,Kashyyyk
2024-07-11 09:44:43,633,x-wing,resistance,5,2,3,2,Bestine IV
2024-07-11 09:44:42,634,resistance_soldier,resistance,4,3,3,8,Toydaria
2024-07-11 09:44:41,635,resistance_soldier,resistance,1,3,9,2,Aleen Minor
2024-07-11 09:44:40,636,tie_fighter,resistance,2,10,7,1,Tholoth
2024-07-11 09:44:39,637,x-wing,resistance,6,9,3,4,Shili
2024-07-11 09:44:38,638,stormtrooper,resistance,5,9,9,1,Kalee
2024-07-11 09:44:37,639,at-st,empire,5,3,1,3,Aleen Minor
2024-07-11 09:44:36,640,at-at,resistance,3,5,4,4,Socorro
2024-07-11 09:44:35,641,unknown,empire,6,10,7,5,Kalee
2024-07-11 09:44:34,642,tie_fighter,empire,8,10,4,7,Chandrila
2024-07-11 09:44:33,643,at-st,resistance,7,1,3,1,Cerea
2024-07-11 09:44:32,644,resistance_soldier,empire,2,9,8,4,Rodia
2024-07-11 09:44:31,645,stormtrooper,empire,6,2,1,9,Trandosha
2024-07-11 09:44:30,646,stormtrooper,empire,1,10,10,6,Sullust
2024-07-11 09:44:29,647,unknown,resistance,6,6,9,1,Trandosha
2024-07-11 09:44:28,648,resistance_soldier,empire,4,4,1,10,Dorin
2024-07-11 09:44:27,649,tie_silencer,empire,6,2,3,5,Glee Anselm
2024-07-11 09:44:26,650,x-wing,resistance,7,2,6,6,Naboo
2024-07-11 09:44:25,651,tie_fighter,resistance,10,8,6,3,Chandrila
2024-07-11 09:44:24,652,at-st,empire,6,9,8,10,Dorin
2024-07-11 09:44:23,653,tie_fighter,empire,4,2,1,1,Tund
2024-07-11 09:44:22,654,unknown,empire,4,5,4,1,Tund
2024-07-11 09:44:21,655,at-st,empire,2,3,2,8,Trandosha
2024-07-11 09:44:20,656,stormtrooper,empire,5,2,3,2,Tholoth
2024-07-11 09:44:19,657,resistance_soldier,resistance,3,6,8,3,Quermia
2024-07-11 09:44:18,658,x-wing,empire,5,4,7,6,Dorin
2024-07-11 09:44:17,659,x-wing,resistance,4,5,9,10,Haruun Kal
2024-07-11 09:44:16,660,x-wing,resistance,4,10,10,1,Skako
2024-07-11 09:44:15,661,tie_silencer,empire,3,4,7,6,Dagobah
2024-07-11 09:44:14,662,at-st,resistance,2,8,4,9,Iridonia
2024-07-11 09:44:13,663,at-st,resistance,6,5,8,3,Vulpter
2024-07-11 09:44:12,664,x-wing,empire,8,3,2,7,Iridonia
2024-07-11 09:44:11,665,unknown,resistance,3,3,2,10,Shili
2024-07-11 09:44:10,666,resistance_soldier,empire,10,6,8,10,Iktotch
2024-07-11 09:44:09,667,unknown,empire,9,5,10,5,Kashyyyk
2024-07-11 09:44:08,668,unknown,resistance,10,7,9,1,Aleen Minor
2024-07-11 09:44:07,669,at-at,empire,5,1,10,5,Muunilinst
2024-07-11 09:44:06,670,at-at,empire,6,1,9,9,Dorin
2024-07-11 09:44:05,671,x-wing,empire,8,8,7,7,Serenno
2024-07-11 09:44:04,672,tie_silencer,resistance,8,10,6,5,Skako
2024-07-11 09:44:03,673,resistance_soldier,resistance,10,2,6,7,Kashyyyk
2024-07-11 09:44:02,674,tie_silencer,empire,4,3,9,5,Iridonia
2024-07-11 09:44:01,675,x-wing,resistance,2,5,9,6,Tatooine
2024-07-11 09:44:00,676,stormtrooper,empire,9,10,6,6,Vulpter
2024-07-11 09:43:59,677,stormtrooper,resistance,2,10,7,4,Stewjon
2024-07-11 09:43:58,678,unknown,resistance,1,7,7,6,Troiken
2024-07-11 09:43:57,679,tie_fighter,resistance,10,5,8,4,Haruun Kal
2024-07-11 09:43:56,680,x-wing,resistance,1,5,2,2,Sullust
2024-07-11 09:43:55,681,tie_fighter,resistance,4,4,5,4,Tatooine
2024-07-11 09:43:54,682,x-wing,resistance,8,5,5,3,Mirial
2024-07-11 09:43:53,683,stormtrooper,resistance,8,9,7,7,Sullust
2024-07-11 09:43:52,684,x-wing,resistance,3,9,2,4,Trandosha
2024-07-11 09:43:51,685,at-st,empire,6,6,3,5,Stewjon
2024-07-11 09:43:50,686,x-wing,empire,3,3,7,3,Dagobah
2024-07-11 09:43:49,687,at-at,resistance,2,10,5,10,Troiken
2024-07-11 09:43:48,688,tie_fighter,resistance,1,10,10,8,Mirial
2024-07-11 09:43:47,689,x-wing,resistance,10,9,4,10,Sullust
2024-07-11 09:43:46,690,resistance_soldier,empire,10,7,8,1,Troiken
2024-07-11 09:43:45,691,at-st,empire,5,4,2,3,Glee Anselm
2024-07-11 09:43:44,692,at-st,resistance,4,1,3,10,Naboo
2024-07-11 09:43:43,693,x-wing,empire,10,4,10,7,Iridonia
2024-07-11 09:43:42,694,x-wing,resistance,1,3,4,10,Iridonia
2024-07-11 09:43:41,695,stormtrooper,empire,2,1,10,10,Ryloth
2024-07-11 09:43:40,696,unknown,empire,9,4,5,9,Dorin
2024-07-11 09:43:39,697,resistance_soldier,resistance,3,1,10,3,Iktotch
2024-07-11 09:43:38,698,tie_silencer,resistance,6,8,6,4,Iridonia
2024-07-11 09:43:37,699,tie_silencer,resistance,9,9,10,7,Toydaria
2024-07-11 09:43:36,700,tie_fighter,empire,8,7,9,7,Tatooine
2024-07-11 09:43:35,701,tie_silencer,empire,3,1,2,7,Rodia
2024-07-11 09:43:34,702,x-wing,resistance,4,9,9,5,Toydaria
2024-07-11 09:43:33,703,at-at,resistance,4,10,8,3,Ryloth
2024-07-11 09:43:32,704,tie_fighter,resistance,8,2,4,8,Kalee
2024-07-11 09:43:31,705,x-wing,empire,8,5,8,7,Ojom
2024-07-11 09:43:30,706,resistance_soldier,empire,10,6,1,4,Trandosha
2024-07-11 09:43:29,707,tie_silencer,resistance,1,3,9,3,Serenno
2024-07-11 09:43:28,708,tie_silencer,resistance,9,3,8,7,Troiken
2024-07-11 09:43:27,709,tie_silencer,resistance,5,4,7,7,Mirial
2024-07-11 09:43:26,710,stormtrooper,resistance,1,2,6,7,Quermia
2024-07-11 09:43:25,711,x-wing,empire,4,3,1,8,Rodia
2024-07-11 09:43:24,712,stormtrooper,resistance,6,1,2,5,Concord Dawn
2024-07-11 09:43:23,713,at-st,empire,8,2,6,8,Alderaan
2024-07-11 09:43:22,714,resistance_soldier,resistance,6,8,6,2,Shili
2024-07-11 09:43:21,715,tie_fighter,resistance,1,9,6,3,Kalee
2024-07-11 09:43:20,716,unknown,empire,10,10,2,9,Glee Anselm
2024-07-11 09:43:19,717,tie_fighter,resistance,5,7,5,10,Kalee
2024-07-11 09:43:18,718,resistance_soldier,resistance,4,1,5,7,Cerea
2024-07-11 09:43:17,719,unknown,resistance,5,7,6,2,Stewjon
2024-07-11 09:43:16,720,at-at,resistance,4,10,7,9,Eriadu
2024-07-11 09:43:15,721,tie_silencer,empire,8,3,2,5,Rodia
2024-07-11 09:43:14,722,stormtrooper,empire,10,5,10,1,Alderaan
2024-07-11 09:43:13,723,at-at,resistance,7,4,8,3,Serenno
2024-07-11 09:43:12,724,unknown,empire,1,7,1,10,Socorro
2024-07-11 09:43:11,725,resistance_soldier,resistance,10,9,8,3,Iktotch
2024-07-11 09:43:10,726,tie_silencer,resistance,9,5,1,7,Dathomir
2024-07-11 09:43:09,727,stormtrooper,resistance,6,5,7,7,Champala
2024-07-11 09:43:08,728,resistance_soldier,resistance,7,6,7,3,Umbara
2024-07-11 09:43:07,729,at-st,resistance,3,10,5,6,Haruun Kal
2024-07-11 09:43:06,730,at-at,resistance,3,6,5,1,Quermia
2024-07-11 09:43:05,731,x-wing,resistance,3,8,7,2,Stewjon
2024-07-11 09:43:04,732,tie_silencer,empire,3,9,2,5,Concord Dawn
2024-07-11 09:43:03,733,resistance_soldier,empire,5,9,9,7,Iktotch
2024-07-11 09:43:02,734,x-wing,resistance,2,10,9,9,Sullust
2024-07-11 09:43:01,735,at-st,empire,4,4,2,4,Stewjon
2024-07-11 09:43:00,736,unknown,empire,3,10,4,8,Tund
2024-07-11 09:42:59,737,x-wing,empire,9,10,10,9,Sullust
2024-07-11 09:42:58,738,unknown,empire,2,4,3,7,Dathomir
2024-07-11 09:42:57,739,at-st,empire,10,8,8,9,Vulpter
2024-07-11 09:42:56,740,tie_silencer,resistance,1,10,7,3,Stewjon
2024-07-11 09:42:55,741,at-at,resistance,7,4,10,2,Trandosha
2024-07-11 09:42:54,742,unknown,resistance,10,9,5,4,Shili
2024-07-11 09:42:53,743,x-wing,empire,5,8,10,4,Quermia
2024-07-11 09:42:52,744,stormtrooper,resistance,2,2,1,4,Tatooine
2024-07-11 09:42:51,745,at-at,resistance,5,1,9,9,Serenno
2024-07-11 09:42:50,746,tie_silencer,empire,8,1,3,8,Concord Dawn
2024-07-11 09:42:49,747,at-st,resistance,7,7,5,4,Mirial
2024-07-11 09:42:48,748,at-st,resistance,9,10,8,9,Haruun Kal
2024-07-11 09:42:47,749,unknown,empire,10,9,5,4,Socorro
2024-07-11 09:42:46,750,unknown,resistance,7,10,1,3,Tholoth
2024-07-11 09:42:45,751,stormtrooper,resistance,10,3,6,8,Mon Cala
2024-07-11 09:42:44,752,stormtrooper,empire,5,10,7,4,Corellia
2024-07-11 09:42:43,753,x-wing,resistance,10,7,5,2,Alderaan
2024-07-11 09:42:42,754,tie_silencer,resistance,3,1,6,9,Malastare
2024-07-11 09:42:41,755,tie_silencer,resistance,5,8,10,1,Alderaan
2024-07-11 09:42:40,756,at-st,resistance,10,7,4,6,Troiken
2024-07-11 09:42:39,757,resistance_soldier,resistance,6,8,4,7,Socorro
2024-07-11 09:42:38,758,resistance_soldier,empire,5,4,3,10,Kalee
2024-07-11 09:42:37,759,at-at,empire,7,6,8,9,Troiken
2024-07-11 09:42:36,760,unknown,resistance,3,9,10,10,Kashyyyk
2024-07-11 09:42:35,761,at-st,empire,9,3,3,4,Vulpter
2024-07-11 09:42:34,762,tie_silencer,empire,3,6,7,5,Haruun Kal
2024-07-11 09:42:33,763,stormtrooper,empire,2,3,4,1,Rodia
2024-07-11 09:42:32,764,unknown,resistance,10,5,8,5,Vulpter
2024-07-11 09:42:31,765,tie_fighter,resistance,6,2,7,3,Dathomir
2024-07-11 09:42:30,766,tie_fighter,resistance,2,1,1,10,Skako
2024-07-11 09:42:29,767,tie_silencer,resistance,9,5,1,8,Ryloth
2024-07-11 09:42:28,768,resistance_soldier,resistance,3,1,10,4,Vulpter
2024-07-11 09:42:27,769,at-st,empire,1,5,4,6,Corellia
2024-07-11 09:42:26,770,tie_fighter,empire,3,9,9,5,Mon Cala
2024-07-11 09:42:25,771,resistance_soldier,resistance,6,8,7,3,Champala
2024-07-11 09:42:24,772,at-st,resistance,6,7,1,4,Toydaria
2024-07-11 09:42:23,773,resistance_soldier,resistance,9,5,2,2,Corellia
2024-07-11 09:42:22,774,resistance_soldier,empire,1,7,8,6,Sullust
2024-07-11 09:42:21,775,at-at,empire,4,1,4,8,Zolan
2024-07-11 09:42:20,776,stormtrooper,empire,6,5,3,5,Troiken
2024-07-11 09:42:19,777,stormtrooper,empire,7,4,9,8,Glee Anselm
2024-07-11 09:42:18,778,unknown,empire,3,3,5,5,Dathomir
2024-07-11 09:42:17,779,tie_fighter,empire,4,2,6,3,Socorro
2024-07-11 09:42:16,780,x-wing,resistance,7,10,2,3,Malastare
2024-07-11 09:42:15,781,at-st,empire,2,1,8,1,Alderaan
2024-07-11 09:42:14,782,at-st,empire,5,9,6,5,Stewjon
2024-07-11 09:42:13,783,stormtrooper,empire,4,5,10,7,Iridonia
2024-07-11 09:42:12,784,tie_fighter,empire,4,1,5,1,Bestine IV
2024-07-11 09:42:11,785,resistance_soldier,resistance,5,8,1,6,Rodia
2024-07-11 09:42:10,786,at-at,resistance,5,9,6,6,Ryloth
2024-07-11 09:42:09,787,x-wing,resistance,6,4,6,1,Bestine IV
2024-07-11 09:42:08,788,at-at,empire,4,7,10,10,Ryloth
2024-07-11 09:42:07,789,resistance_soldier,resistance,8,1,8,4,Stewjon
2024-07-11 09:42:06,790,stormtrooper,resistance,9,7,3,9,Stewjon
2024-07-11 09:42:05,791,stormtrooper,resistance,5,2,10,5,Troiken
2024-07-11 09:42:04,792,x-wing,empire,6,7,2,8,Champala
2024-07-11 09:42:03,793,at-st,empire,5,4,5,5,Concord Dawn
2024-07-11 09:42:02,794,x-wing,resistance,10,3,3,4,Alderaan
2024-07-11 09:42:01,795,unknown,resistance,4,2,2,3,Malastare
2024-07-11 09:42:00,796,tie_silencer,resistance,1,10,7,5,Iridonia
2024-07-11 09:41:59,797,x-wing,empire,10,2,9,9,Serenno
2024-07-11 09:41:58,798,tie_silencer,resistance,3,5,8,2,Ryloth
2024-07-11 09:41:57,799,x-wing,empire,6,1,10,8,Muunilinst
2024-07-11 09:41:56,800,x-wing,empire,5,8,10,9,Sullust
2024-07-11 09:41:55,801,x-wing,empire,3,5,6,10,Kashyyyk
2024-07-11 09:41:54,802,at-at,resistance,5,4,7,5,Bestine IV
2024-07-11 09:41:53,803,unknown,resistance,9,10,2,6,Serenno
2024-07-11 09:41:52,804,stormtrooper,resistance,8,9,5,4,Shili
2024-07-11 09:41:51,805,at-st,resistance,6,1,4,9,Chandrila
2024-07-11 09:41:50,806,unknown,resistance,4,10,5,6,Dorin
2024-07-11 09:41:49,807,resistance_soldier,resistance,8,8,8,4,Champala
2024-07-11 09:41:48,808,unknown,empire,8,5,6,4,Troiken
2024-07-11 09:41:47,809,tie_fighter,empire,3,7,1,6,Champala
2024-07-11 09:41:46,810,unknown,empire,10,3,10,9,Bestine IV
2024-07-11 09:41:45,811,unknown,empire,4,4,4,10,Kashyyyk
2024-07-11 09:41:44,812,tie_fighter,empire,10,2,6,3,Bestine IV
2024-07-11 09:41:43,813,stormtrooper,resistance,6,4,6,8,Iridonia
2024-07-11 09:41:42,814,tie_fighter,empire,9,9,5,3,Corellia
2024-07-11 09:41:41,815,at-st,empire,1,1,3,7,Muunilinst
2024-07-11 09:41:40,816,resistance_soldier,empire,1,4,8,1,Glee Anselm
2024-07-11 09:41:39,817,stormtrooper,empire,2,4,8,9,Kashyyyk
2024-07-11 09:41:38,818,x-wing,empire,8,6,9,2,Iktotch
2024-07-11 09:41:37,819,tie_fighter,resistance,3,6,9,1,Rodia
2024-07-11 09:41:36,820,unknown,empire,7,1,1,2,Troiken
2024-07-11 09:41:35,821,unknown,resistance,8,6,9,2,Troiken
2024-07-11 09:41:34,822,at-at,resistance,6,9,2,3,Bestine IV
2024-07-11 09:41:33,823,unknown,resistance,9,5,5,3,Socorro
2024-07-11 09:41:32,824,stormtrooper,empire,9,8,9,4,Tatooine
2024-07-11 09:41:31,825,resistance_soldier,empire,8,2,4,10,Rodia
2024-07-11 09:41:30,826,tie_silencer,empire,4,1,1,5,Ojom
2024-07-11 09:41:29,827,resistance_soldier,empire,1,7,3,5,Malastare
2024-07-11 09:41:28,828,at-at,resistance,8,9,6,9,Kashyyyk
2024-07-11 09:41:27,829,at-st,empire,9,4,3,7,Dorin
2024-07-11 09:41:26,830,at-st,empire,7,5,7,8,Tatooine
2024-07-11 09:41:25,831,at-st,empire,10,9,1,3,Tund
2024-07-11 09:41:24,832,at-at,empire,2,6,9,5,Serenno
2024-07-11 09:41:23,833,stormtrooper,resistance,3,9,10,6,Socorro
2024-07-11 09:41:22,834,at-st,empire,9,10,1,2,Tatooine
2024-07-11 09:41:21,835,tie_silencer,resistance,9,1,6,5,Bestine IV
2024-07-11 09:41:20,836,stormtrooper,empire,8,10,10,6,Aleen Minor
2024-07-11 09:41:19,837,x-wing,resistance,9,6,5,2,Serenno
2024-07-11 09:41:18,838,x-wing,empire,4,3,4,8,Serenno
2024-07-11 09:41:17,839,unknown,empire,7,10,7,8,Mirial
2024-07-11 09:41:16,840,tie_fighter,empire,6,4,8,6,Chandrila
2024-07-11 09:41:15,841,stormtrooper,empire,6,6,2,2,Mirial
2024-07-11 09:41:14,842,tie_fighter,empire,6,1,5,10,Quermia
2024-07-11 09:41:13,843,unknown,empire,10,1,7,1,Haruun Kal
2024-07-11 09:41:12,844,stormtrooper,resistance,10,10,1,5,Shili
2024-07-11 09:41:11,845,stormtrooper,empire,1,6,10,10,Toydaria
2024-07-11 09:41:10,846,tie_fighter,empire,7,9,9,10,Ojom
2024-07-11 09:41:09,847,at-st,resistance,10,10,4,1,Chandrila
2024-07-11 09:41:08,848,at-at,empire,4,4,5,7,Mirial
2024-07-11 09:41:07,849,at-st,empire,5,8,2,6,Kashyyyk
2024-07-11 09:41:06,850,at-at,empire,2,4,7,10,Corellia
2024-07-11 09:41:05,851,resistance_soldier,empire,1,2,2,7,Socorro
2024-07-11 09:41:04,852,at-st,empire,9,4,3,9,Mon Cala
2024-07-11 09:41:03,853,x-wing,empire,6,5,7,10,Mon Cala
2024-07-11 09:41:02,854,tie_fighter,resistance,5,5,8,10,Concord Dawn
2024-07-11 09:41:01,855,tie_fighter,resistance,1,2,6,10,Dorin
2024-07-11 09:41:00,856,x-wing,empire,7,1,3,1,Dorin
2024-07-11 09:40:59,857,unknown,empire,4,4,7,7,Ojom
2024-07-11 09:40:58,858,x-wing,resistance,10,9,2,7,Cerea
2024-07-11 09:40:57,859,x-wing,empire,8,4,10,7,Malastare
2024-07-11 09:40:56,860,stormtrooper,resistance,3,8,10,9,Tund
2024-07-11 09:40:55,861,x-wing,empire,7,7,1,6,Sullust
2024-07-11 09:40:54,862,at-st,resistance,3,3,2,7,Haruun Kal
2024-07-11 09:40:53,863,at-st,resistance,2,8,4,7,Ojom
2024-07-11 09:40:52,864,stormtrooper,resistance,6,5,10,5,Tund
2024-07-11 09:40:51,865,at-st,resistance,7,9,4,2,Kashyyyk
2024-07-11 09:40:50,866,stormtrooper,resistance,9,10,10,10,Tatooine
2024-07-11 09:40:49,867,resistance_soldier,resistance,8,9,6,2,Tatooine
2024-07-11 09:40:48,868,unknown,resistance,10,7,8,3,Bestine IV
2024-07-11 09:40:47,869,at-at,resistance,6,8,4,7,Corellia
2024-07-11 09:40:46,870,x-wing,resistance,1,8,10,9,Aleen Minor
2024-07-11 09:40:45,871,at-st,empire,5,3,10,8,Concord Dawn
2024-07-11 09:40:44,872,tie_silencer,resistance,8,2,2,9,Skako
2024-07-11 09:40:43,873,tie_fighter,empire,3,6,5,4,Haruun Kal
2024-07-11 09:40:42,874,tie_fighter,empire,4,4,9,8,Umbara
2024-07-11 09:40:41,875,stormtrooper,resistance,2,4,4,1,Glee Anselm
2024-07-11 09:40:40,876,tie_fighter,resistance,3,7,9,4,Socorro
2024-07-11 09:40:39,877,unknown,empire,10,1,7,7,Glee Anselm
2024-07-11 09:40:38,878,tie_silencer,resistance,7,6,1,9,Iktotch
2024-07-11 09:40:37,879,at-st,empire,6,1,7,1,Kalee
2024-07-11 09:40:36,880,stormtrooper,resistance,8,7,6,10,Cerea
2024-07-11 09:40:35,881,at-at,resistance,3,1,4,7,Tatooine
2024-07-11 09:40:34,882,tie_fighter,empire,2,4,5,6,Dagobah
2024-07-11 09:40:33,883,tie_fighter,empire,5,2,2,9,Corellia
2024-07-11 09:40:32,884,at-st,empire,7,1,2,1,Sullust
2024-07-11 09:40:31,885,stormtrooper,empire,5,7,5,2,Eriadu
2024-07-11 09:40:30,886,at-st,resistance,5,4,4,3,Rodia
2024-07-11 09:40:29,887,stormtrooper,resistance,6,3,4,10,Muunilinst
2024-07-11 09:40:28,888,x-wing,resistance,6,3,9,1,Dorin
2024-07-11 09:40:27,889,stormtrooper,empire,7,9,2,10,Chandrila
2024-07-11 09:40:26,890,tie_silencer,empire,10,3,3,4,Cerea
2024-07-11 09:40:25,891,at-at,empire,10,4,8,6,Naboo
2024-07-11 09:40:24,892,tie_silencer,resistance,10,2,10,5,Haruun Kal
2024-07-11 09:40:23,893,at-at,resistance,4,10,6,3,Serenno
2024-07-11 09:40:22,894,unknown,resistance,1,4,4,1,Glee Anselm
2024-07-11 09:40:21,895,at-st,resistance,8,9,3,2,Zolan
2024-07-11 09:40:20,896,x-wing,empire,6,4,8,5,Eriadu
2024-07-11 09:40:19,897,x-wing,empire,10,7,4,2,Vulpter
2024-07-11 09:40:18,898,tie_silencer,empire,6,10,2,7,Corellia
2024-07-11 09:40:17,899,tie_fighter,resistance,5,4,1,5,Malastare
2024-07-11 09:40:16,900,resistance_soldier,resistance,7,5,9,4,Troiken
2024-07-11 09:40:15,901,stormtrooper,empire,5,10,1,1,Corellia
2024-07-11 09:40:14,902,x-wing,resistance,10,10,3,3,Mon Cala
2024-07-11 09:40:13,903,stormtrooper,resistance,2,8,4,4,Stewjon
2024-07-11 09:40:12,904,unknown,resistance,7,3,8,3,Aleen Minor
2024-07-11 09:40:11,905,resistance_soldier,resistance,9,7,5,5,Glee Anselm
2024-07-11 09:40:10,906,tie_fighter,resistance,9,8,6,1,Aleen Minor
2024-07-11 09:40:09,907,resistance_soldier,resistance,3,5,8,3,Stewjon
2024-07-11 09:40:08,908,at-st,empire,5,5,2,6,Rodia
2024-07-11 09:40:07,909,unknown,empire,4,10,4,8,Champala
2024-07-11 09:40:06,910,tie_silencer,resistance,5,9,1,6,Vulpter
2024-07-11 09:40:05,911,at-st,empire,3,5,3,8,Socorro
2024-07-11 09:40:04,912,unknown,resistance,3,7,10,7,Glee Anselm
2024-07-11 09:40:03,913,tie_silencer,resistance,4,10,10,1,Toydaria
2024-07-11 09:40:02,914,tie_silencer,resistance,4,1,6,1,Glee Anselm
2024-07-11 09:40:01,915,unknown,resistance,5,3,2,5,Troiken
2024-07-11 09:40:00,916,x-wing,resistance,10,3,7,10,Toydaria
2024-07-11 09:39:59,917,tie_silencer,empire,9,7,2,2,Trandosha
2024-07-11 09:39:58,918,x-wing,resistance,3,7,9,3,Vulpter
2024-07-11 09:39:57,919,unknown,empire,1,2,9,5,Troiken
2024-07-11 09:39:56,920,at-st,empire,2,9,3,10,Vulpter
2024-07-11 09:39:55,921,at-at,empire,10,5,4,8,Concord Dawn
2024-07-11 09:39:54,922,tie_silencer,resistance,2,9,10,4,Stewjon
2024-07-11 09:39:53,923,at-at,empire,1,9,7,9,Kalee
2024-07-11 09:39:52,924,stormtrooper,empire,2,1,9,1,Zolan
2024-07-11 09:39:51,925,tie_fighter,resistance,3,8,6,8,Tund
2024-07-11 09:39:50,926,resistance_soldier,empire,4,7,2,9,Skako
2024-07-11 09:39:49,927,at-at,empire,1,7,7,6,Muunilinst
2024-07-11 09:39:48,928,unknown,empire,5,10,6,7,Trandosha
2024-07-11 09:39:47,929,at-st,empire,5,2,8,2,Champala
2024-07-11 09:39:46,930,stormtrooper,resistance,10,5,1,2,Zolan
2024-07-11 09:39:45,931,stormtrooper,resistance,1,6,8,6,Mirial
2024-07-11 09:39:44,932,x-wing,resistance,2,10,3,6,Muunilinst
2024-07-11 09:39:43,933,unknown,resistance,3,7,8,10,Vulpter
2024-07-11 09:39:42,934,unknown,resistance,9,6,4,4,Skako
2024-07-11 09:39:41,935,resistance_soldier,empire,9,9,2,1,Toydaria
2024-07-11 09:39:40,936,tie_fighter,resistance,7,9,6,2,Corellia
2024-07-11 09:39:39,937,x-wing,empire,8,1,5,7,Ryloth
2024-07-11 09:39:38,938,at-st,resistance,4,5,10,7,Tholoth
2024-07-11 09:39:37,939,at-st,empire,7,1,2,3,Tund
2024-07-11 09:39:36,940,unknown,empire,5,8,3,1,Malastare
2024-07-11 09:39:35,941,at-at,empire,2,7,4,7,Troiken
2024-07-11 09:39:34,942,stormtrooper,resistance,1,7,1,4,Corellia
2024-07-11 09:39:33,943,stormtrooper,empire,1,1,9,2,Dathomir
2024-07-11 09:39:32,944,at-at,empire,10,9,9,9,Bestine IV
2024-07-11 09:39:31,945,tie_fighter,resistance,9,4,9,6,Glee Anselm
2024-07-11 09:39:30,946,at-st,empire,4,8,3,5,Ojom
2024-07-11 09:39:29,947,resistance_soldier,empire,4,10,2,10,Malastare
2024-07-11 09:39:28,948,tie_fighter,empire,3,1,10,2,Kalee
2024-07-11 09:39:27,949,tie_fighter,empire,8,6,4,6,Quermia
2024-07-11 09:39:26,950,at-st,empire,8,3,4,4,Dorin
2024-07-11 09:39:25,951,stormtrooper,resistance,3,3,7,1,Kashyyyk
2024-07-11 09:39:24,952,unknown,resistance,7,8,5,7,Iktotch
2024-07-11 09:39:23,953,at-st,empire,8,1,2,8,Naboo
2024-07-11 09:39:22,954,at-st,empire,5,6,3,9,Kashyyyk
2024-07-11 09:39:21,955,x-wing,empire,2,6,5,3,Tund
2024-07-11 09:39:20,956,at-st,empire,6,3,7,10,Zolan
2024-07-11 09:39:19,957,x-wing,resistance,7,9,6,1,Naboo
2024-07-11 09:39:18,958,unknown,resistance,6,8,3,1,Kashyyyk
2024-07-11 09:39:17,959,tie_silencer,resistance,6,10,10,1,Ryloth
2024-07-11 09:39:16,960,at-at,resistance,1,5,10,8,Concord Dawn
2024-07-11 09:39:15,961,at-st,resistance,8,8,1,5,Concord Dawn
2024-07-11 09:39:14,962,unknown,empire,5,2,2,7,Trandosha
2024-07-11 09:39:13,963,tie_silencer,resistance,10,3,1,1,Ojom
2024-07-11 09:39:12,964,tie_fighter,resistance,7,7,5,9,Troiken
2024-07-11 09:39:11,965,resistance_soldier,empire,3,8,4,4,Muunilinst
2024-07-11 09:39:10,966,tie_silencer,resistance,2,2,3,5,Tholoth
2024-07-11 09:39:09,967,x-wing,resistance,8,6,5,9,Trandosha
2024-07-11 09:39:08,968,stormtrooper,empire,3,9,7,1,Dorin
2024-07-11 09:39:07,969,at-st,empire,4,3,4,7,Toydaria
2024-07-11 09:39:06,970,tie_silencer,resistance,10,6,10,9,Iridonia
2024-07-11 09:39:05,971,tie_fighter,resistance,7,6,10,1,Quermia
2024-07-11 09:39:04,972,tie_fighter,empire,10,6,7,8,Quermia
2024-07-11 09:39:03,973,tie_fighter,resistance,10,7,4,2,Glee Anselm
2024-07-11 09:39:02,974,unknown,empire,4,4,1,7,Mirial
2024-07-11 09:39:01,975,unknown,empire,9,1,10,6,Haruun Kal
2024-07-11 09:39:00,976,x-wing,resistance,8,9,3,6,Dathomir
2024-07-11 09:38:59,977,at-at,empire,3,3,10,5,Troiken
2024-07-11 09:38:58,978,tie_silencer,empire,10,9,4,1,Rodia
2024-07-11 09:38:57,979,at-at,empire,2,1,8,6,Tatooine
2024-07-11 09:38:56,980,stormtrooper,empire,10,5,4,8,Haruun Kal
2024-07-11 09:38:55,981,x-wing,empire,4,10,5,5,Troiken
2024-07-11 09:38:54,982,stormtrooper,empire,1,9,2,6,Quermia
2024-07-11 09:38:53,983,tie_silencer,resistance,3,9,6,1,Alderaan
2024-07-11 09:38:52,984,tie_fighter,resistance,2,10,9,5,Socorro
2024-07-11 09:38:51,985,at-at,resistance,10,8,4,7,Toydaria
2024-07-11 09:38:50,986,unknown,empire,2,8,3,1,Umbara
2024-07-11 09:38:49,987,at-at,resistance,10,4,3,7,Bestine IV
2024-07-11 09:38:48,988,at-at,empire,5,3,10,1,Socorro
2024-07-11 09:38:47,989,tie_fighter,empire,5,7,3,3,Shili
2024-07-11 09:38:46,990,tie_fighter,resistance,5,9,4,6,Haruun Kal
2024-07-11 09:38:45,991,tie_fighter,resistance,3,8,2,10,Sullust
2024-07-11 09:38:44,992,tie_silencer,empire,1,1,3,4,Aleen Minor
2024-07-11 09:38:43,993,unknown,resistance,6,6,4,7,Shili
2024-07-11 09:38:42,994,resistance_soldier,resistance,6,1,1,3,Tholoth
2024-07-11 09:38:41,995,at-at,resistance,9,7,2,4,Quermia
2024-07-11 09:38:40,996,tie_silencer,resistance,9,2,8,4,Troiken
2024-07-11 09:38:39,997,unknown,resistance,5,9,6,4,Dorin
2024-07-11 09:38:38,998,tie_fighter,empire,8,3,6,10,Concord Dawn
2024-07-11 09:38:37,999,at-at,empire,2,6,8,4,Malastare
2024-07-11 09:38:36,1000,x-wing,empire,4,4,9,10,Socorro
